구분,항목,수량,비고
주 구성,MB-TBL2X2-B-24-ILZ,1,기존 보유 / STEP 확인
주 구성,M3×8 소켓머리 볼트,4,머리 외경5.5 mm 기준 / 실물 확인
주 구성,M3 평와셔 / 너트,각4,와셔는 출력 프레임 뒤쪽 / 전면 와셔 없음
공통,LM2370 12V 150 mm,1,선정 기준 / 재고·납기 미확인
공통,연질 케이블 클램프 라이너,2씩,면광원 내경4.9 mm / 백업 내경2 mm / 외경5.76 mm 제안
주 구성,24V±5% 전원,1,실제 ILZ 전류로 용량 선정
주 구성,0–10V 제어부 / 기본 OFF 전원 스위치,각1,부품 미선정 / 기존 광원 제어기 활용 가능
백업,PTFE 32×32×1 mm,1,발광면 방향 LED가 비춤
백업,0603 LED + 3×4×0.4 mm 캐리어,각2,모델 패키지 가정 / 실제 부품에 맞게 확인
백업,LED별 직렬 저항,2,순방향 전압·목표 전류에 맞춰 선정
백업,5V 로직 대응 LED 스위치,1,기본 OFF / 구체 모듈 미선정
백업,M2 캡 고정 볼트/너트,각2,모델 작은 나사 치수와 실물 확인
공통,서로 비호환인 잠금식 커넥터,2계통,24V 면광원과 저전압 LED 오접속 방지
공통,케이블 타이 / 보호 슬리브,필요량,움직임·광학계 밖에서 끝단 정리
공통,외부 IN/OUT 마이크로스위치,2,기존 flag 방식 / 실제 레버 조정
공통,점검구 닫힘 센서,1,위치·부품·핀 회로 확정 필요
