ID,설명,수량,스트로크 옵션,출력X,출력Y,출력Z,수지체적cm3
P01_fixed_frame,X ±20 mm 프레임 / 원래 본체 나사 위치 유지,1,공통,240.0,168.0,20.0,163.57
P02_x_slide,확장 X ±20 mm 조절판 / 개구부 안쪽 삽입 검토용,1,공통,160.6,172.0,21.0,125.61
P03_y_slide,Y ±5 검토 범위 / ±15 기구 범위 조절판 / 카트리지 X=-42 / 비스듬한 기준선과 평행,1,공통,152.0,122.0,12.0,94.19
P08_adjustable_anchor,본체 나사 위치를 맞추는 긴 출력 암 / 강도·좌면 실물 검증 필요,2,공통,65.0,24.0,6.0,7.36
P08_short_anchor,광원 경로를 피하는 좌측 짧은 체결 암 / 실물 나사 위치 미확인,2,공통,55.0,24.0,6.0,6.18
P07_guide_gib_4p5,교체형 안내턱 / 전체 간극 4.5 mm,4,공통,8.3,20.0,7.25,0.86
P07_guide_gib_4p8,교체형 안내턱 / 전체 간극 4.8 mm,4,공통,8.3,20.0,7.25,0.85
P09_motor_clip,분리형 나사 조임 클립 / 몸체 22.8×20 mm + 얇은 패드,1,공통,54.0,10.0,8.4,3.36
P11_cover_EXTENDED,상단 +Y 점검구32×16 / 겹침턱·외부 힌지 귀 / 커버 치수 추정,1,공통,207.0,201.5,8.6,37.61
P12_inspection_hatch,상단 점검구 덮개 / M3 힌지핀 + 외부 잠금 / 가스켓 별도,1,공통,52.0,31.0,8.0,4.68
T01_fit_gauge,72×20 mm 삽입부 확인 창 + 3.4/4.2/4.5/5.5 구멍 시험편,1,공통,115.0,38.0,6.0,17.34
P04A_lower_S150,하부 지지대 / 후면 4볼트 연결판으로 상부와 결합,1,150,114.0,222.0,48.0,135.22
P04B_upper_S150,상부 모터 지지대 / Z252 분할,1,150,88.0,250.0,38.0,149.07
P04C_splice_S150,후면 연결판 48×52×6 / M4×20 네 개 + 금속 너트·와셔,1,150,48.0,52.0,6.0,14.59
P14_fixed_cable_clamp,LED 고정점 클램프 / M2 두 개 + 연질 라이너 / 케이블 외경 STEP 4.65 mm / 라이너 내경 4.9 mm,1,공통,24.0,10.0,5.0,1.03
P05A_front_lower_S150,하부 전면 덮개 / 이음부 차광 테이프,1,150,90.0,218.0,80.0,121.34
P05B_front_upper_S150,상부 전면 덮개 / 이음부 차광 테이프,1,150,90.0,250.0,80.0,181.83
P13_moving_cable_clamp,면광원 이동점 클램프 / STEP 케이블 4.65 mm / 4.9 mm 라이너,1,공통,24.0,10.0,5.0,1.03
P06_area_light_carrier_S150,면광원 4-M3 관통 체결 / 외측 안내 레일 / 최대 삽입 두께 약 17.9 mm,1,150,68.0,242.42,49.0,43.2
B06_LED_backup_arm_S150,교체용 LED 2개 + 32×32×1 PTFE 암,1,백업 S150,68.0,222.424,49.0,
B10_PTFE_retainer,백업 PTFE 고정 캡,1,백업 S150,41.0,5.0,3.6,
